	ACCHF1	ACCHF2	ACCHF3	ACCHM1	ACCHM2	ACCHM3	ACPNF1	ACPNF2	ACPNF3	ACPNM1	ACPNM2	ACPNM3	CLPSF1	CLPSF2	CLPSF3	CLPSM1	CLPSM2	CLPSM3	CLSBF1	CLSBF2	CLSBF3	CLSBM1	CLSBM2	CLSBM3	GAPNF1	GAPNF2	GAPNM1	GAPNM2	VIPSF1	VIPSF2	VIPSF3	VIPSM1	VIPSM2	VIPSM3	WGSBF1	WGSBF2	WGSBF3	WGSBM1	WGSBM2	WGSBM3	WOCHF1	WOCHF2	WOCHF3	WOCHM1	WOCHM2	WOCHM3
ASV1	16515.1739452258	19850.3401360544	25705.2631578947	7944.58438287154	7081.2274368231	6017.67505098572	14486.5470852018	1996.61303979678	8738.29201101928	4459.61538461538	3158.27338129496	10525.8964143426	13342.4566088117	47265	4383.00653594771	9855.4062699936	17602.4464831804	18446.8302658487	6131.44329896907	8019.48842874543	5306.10561056106	13400.97799511	4343.51145038168	5875	40009.2165898618	28840.490797546	45456.3758389262	51660.0985221675	55250	9769.02173913044	95395.8333333333	22769.2307692308	9741.72185430464	34931.0344827586	7049.93429697766	27734.9665924276	5433.33333333333	18929.9363057325	15060.1092896175	7968.21515892421	33044.776119403	18416.6666666667	32500	26339.3665158371	19396.2900505902	33987.3949579832
ASV2	772.020725388601	1205.05344995141	2083.04093567251	1851.38539042821	4250.90252707581	428.280081577158	8547.08520179372	1899.23793395428	14699.7245179063	3215.38461538462	3809.35251798561	8772.90836653386	5329.77303070761	24735	1210.89324618736	4555.98208573257	8275.22935779817	17700.408997955	2582.47422680412	5215.59074299635	4604.78547854785	6254.27872860636	4381.67938931298	3625	3156.68202764977	3631.9018404908	2657.71812080537	4660.09852216749	31355.8823529412	4760.86956521739	59366.6666666667	7516.92307692308	1953.64238410596	9683.18965517241	863.337713534823	8692.65033407572	1107.89473684211	2347.13375796178	1789.6174863388	919.315403422983	7839.55223880597	2279.76190476191	5862.31884057971	2972.85067873303	2010.11804384486	2287.81512605042
ASV3	547.742413027387	954.324586977648	1000	11251.8891687657	6198.5559566787	582.596872875595	1569.5067264574	560.541913632515	752.066115702479	209.615384615385	845.323741007194	2306.77290836653	1150.2002670227	890	1227.45098039216	873.320537428023	970.183486238532	869.120654396728	4927.83505154639	5116.93057247259	4994.22442244224	7789.73105134474	6416.03053435114	4635.24590163934	534.562211981567	822.085889570552	402.684563758389	334.975369458128	2488.23529411765	429.347826086957	9495.83333333333	741.538461538462	149.006622516556	1334.05172413793	118.26544021025	2977.72828507795	66.6666666666667	1232.48407643312	1232.24043715847	508.557457212714	132921.641791045	29470.2380952381	60845.4106280193	13708.1447963801	11048.9038785835	33871.8487394958
ASV4	9351.59141376758	5638.48396501458	26060.8187134503	2921.91435768262	1485.559566787	834.80625424881	1540.35874439462	2354.78408128704	848.484848484849	321.153846153846	845.323741007194	1924.30278884462	363.818424566088	332.5	42.2657952069717	69.7376839411388	775.229357798165	167.689161554192	567.010309278351	182.704019488429	195.544554455446	398.533007334963	736.641221374046	4635.24590163934	0	276.073619631902	33.5570469798658	39.4088669950739	29344.1176470588	4513.58695652174	26600	9061.53846153846	3874.17218543046	12079.7413793103	0	0	0	0	0	0	3078.35820895522	1395.83333333333	3103.86473429952	1341.62895927602	1684.65430016863	6180.67226890756
ASV5	176.165803108808	263.362487852284	192.982456140351	1312.34256926952	4914.25992779783	110.129163834126	7417.0403587444	10479.2548687553	564.738292011019	3586.53846153846	1431.65467625899	6161.35458167331	169.559412550067	140	45.7516339869281	108.765195137556	204.892966360856	76.6871165644172	3765.46391752577	8628.5018270402	2981.84818481848	8889.97555012225	270.992366412214	5762.29508196721	56179.7235023042	4398.77300613497	6543.62416107383	10733.9901477833	1344.11764705882	154.891304347826	1400	212.307692307692	36.4238410596027	821.120689655172	490.144546649146	3536.74832962138	176.315789473684	894.904458598726	535.51912568306	493.887530562347	246.268656716418	392.857142857143	420.289855072464	142.533936651584	158.516020236088	300.420168067227
ASV6	217.616580310881	158.406219630709	256.140350877193	700.251889168766	2091.15523465704	89.0550645819171	4448.43049327354	6192.2099915326	278.236914600551	446.153846153846	1068.34532374101	3713.14741035857	201.602136181575	262.5	64.9237472766885	71.6570697376839	134.556574923547	205.521472392638	2837.62886597938	3907.4299634592	2209.57095709571	4185.81907090465	362.595419847328	2635.24590163934	170.506912442396	0	0	408.866995073892	0	0	0	0	0	0	392.904073587385	1906.45879732739	67.5438596491228	464.968152866242	275.956284153005	122.249388753056	1470.14925373134	428.571428571429	842.995169082126	332.579185520362	214.165261382799	653.361344537815
ASV8	3000.74019245004	765.792031098154	3547.36842105263	20.1511335012594	338.447653429603	1135.96193065942	0	0	0	0	0	5.97609561752988	746.328437917223	36507.5	4026.57952069717	5159.30902111324	1900.61162079511	8913.08793456033	20.6185567010309	0	0	2784.84107579462	0	28.6885245901639	55.2995391705069	61.3496932515338	20.1342281879195	0	32.3529411764706	0	54.1666666666667	344.615384615385	134.105960264901	150.862068965517	938.239159001314	0	1154.38596491228	0	38.2513661202186	36.6748166259169	216.417910447761	139.880952380952	446.859903381643	1522.62443438914	330.522765598651	58.8235294117647
ASV9	1074.75943745374	1273.08066083576	720.46783625731	259.445843828715	440.43321299639	339.225016995241	0	0	0	0	0	0	140.18691588785	127.5	59.6949891067538	74.8560460652591	158.256880733945	92.0245398773006	141.752577319588	135.200974421437	28.0528052805281	44.0097799511002	95.4198473282443	40.9836065573771	0	0	0	0	8423.52941176471	538.04347826087	10208.3333333333	1000	114.238410596026	4530.1724137931	135.348226018397	282.850779510022	23.6842105263158	175.15923566879	109.289617486339	217.60391198044	1298.50746268657	244.047619047619	910.628019323672	975.113122171946	595.278246205734	378.151260504202
ASV11	156.180606957809	3072.88629737609	11.6959064327485	2103.27455919395	3984.65703971119	1524.81305234534	899.103139013453	307.366638441998	0	11.5384615384615	888.489208633093	13.9442231075697	1340.45393858478	0	252.723311546841	0	0	0	0	0	0	0	0	0	0	0	0	0	0	0	16.6666666666667	0	0	0	0	0	0	0	0	0	152.985074626866	389.880952380952	9652.17391304348	24.8868778280543	26887.0151770658	2436.97478991597
ASV12	1793.48630643967	5772.59475218659	760.233918128655	2279.59697732997	671.480144404332	1208.02175390891	365.470852017937	66.8924640135478	85.3994490358127	0	0	300.796812749004	82.7770360480641	305	54.4662309368192	74.8560460652591	200.305810397554	122.699386503067	0	0	0	0	0	0	0	0	0	0	0	0	183.333333333333	0	0	64.6551724137931	186.596583442838	369.710467706013	0	1063.69426751592	1079.2349726776	190.709046454768	1944.02985074627	580.357142857143	483.091787439614	1237.55656108597	779.089376053963	317.226890756303
ASV13	110.288675055514	164.237123420797	43.2748538011696	753.148614609572	197.653429602888	55.7443915703603	1567.26457399103	2176.96867061812	60.6060606060606	125	223.021582733813	1749.00398406375	124.833110814419	0	0	12.1561100447857	0	39.8773006134969	293.814432989691	380.024360535932	178.217821782178	814.180929095355	0	586.065573770492	635.94470046083	184.049079754601	255.03355704698	2103.44827586207	2405.88235294118	277.173913043478	1429.16666666667	563.076923076923	96.0264900662252	1342.6724137931	0	222.71714922049	0	0	0	0	0	0	65.2173913043478	0	94.4350758853288	147.058823529412
ASV14	53.2938564026647	37.9008746355685	84.2105263157895	204.030226700252	629.061371841155	41.4683888511217	291.479820627803	1456.39288738357	126.721763085399	125	381.294964028777	886.454183266932	204.272363150868	0	0	37.108125399872	43.5779816513761	107.361963190184	886.59793814433	578.562728380024	1110.56105610561	1792.1760391198	1091.60305343511	2206.96721311475	0	0	0	0	1111.76470588235	252.717391304348	1116.66666666667	587.692307692308	226.82119205298	778.01724137931	0	0	0	0	0	0	0	0	0	0	0	126.050420168067
ASV15	424.130273871206	157.434402332362	458.479532163743	0	459.386281588448	1741.67233174711	0	0	0	0	0	0	797.730307076101	732.5	1665.35947712418	1330.77415227127	1757.64525993884	663.59918200409	0	0	0	36.6748166259169	0	0	0	0	0	0	5.88235294117647	0	0	76.9230769230769	0	30.1724137931034	42.0499342969777	0	111.40350877193	0	0	0	26.1194029850746	0	0	4.52488687782805	0	0
ASV16	0	0	0	0	800.541516245487	41.4683888511217	0	170.194750211685	0	0	0	0	0	0	0	0	0	0	1456.18556701031	2289.89037758831	2038.77887788779	8075.7946210269	1091.60305343511	3870.90163934426	0	0	0	0	0	0	0	0	0	0	0	0	0	0	0	0	0	0	0	0	0	0
ASV17	76.239822353812	178.814382896016	40.9356725146199	2090.68010075567	95.6678700361011	46.2270564242012	20.1793721973094	110.076206604572	0	0	0	0	146.194926568758	27.5	211.328976034858	225.847728726807	110.091743119266	91.0020449897751	270.618556701031	528.623629719854	168.316831683168	1019.55990220049	30.5343511450382	448.770491803279	156.68202764977	0	0	0	0	0	0	0	39.7350993377483	0	170.827858081472	106.904231625835	265.789473684211	0	84.6994535519126	144.254278728606	0	0	19.3236714975845	0	57.3355817875211	23.109243697479
ASV18	0	0	0	0	0	0	0	0	0	0	0	0	0	0	0	0	0	0	0	0	0	0	0	0	0	0	0	0	0	0	0	0	0	0	0	0	0	0	0	0	0	0	0	0	0	0
ASV19	0	0	0	0	0	0	0	0	0	0	0	0	0	0	0	0	0	0	0	0	0	0	0	0	0	0	0	0	2676.47058823529	570.652173913044	2541.66666666667	1480	600.993377483444	2058.18965517241	0	0	0	0	0	0	0	0	0	0	0	0
ASV20	0	0	0	0	0	16.9952413324269	0	0	0	0	0	0	112.817089452603	10092.5	335.947712418301	968.650031989763	435.779816513761	1567.48466257669	0	0	0	0	0	0	0	0	0	0	0	0	0	24.6153846153846	8.27814569536424	17.2413793103448	0	0	0	0	0	0	0	0	0	0	0	0
ASV21	402.664692820133	365.403304178814	279.53216374269	589.420654911839	122.743682310469	170.632222977566	0	0	0	0	0	0	447.930574098798	325	1677.55991285403	356.365962891875	812.691131498471	189.161554192229	0	0	0	0	0	0	0	0	0	0	0	0	0	0	0	0	0	0	0	0	0	0	70.8955223880597	0	128.019323671498	101.809954751131	84.3170320404722	117.647058823529
ASV22	15.5440414507772	185.617103984451	11.6959064327485	50.3778337531486	47.8339350180505	55.0645819170632	984.304932735426	1919.55969517358	231.404958677686	130.769230769231	449.640287769784	1027.88844621514	108.811748998665	332.5	315.468409586057	809.34101087652	209.480122324159	292.433537832311	0	0	0	0	0	0	0	0	0	0	0	0	0	0	0	0	52.5624178712221	0	305.263157894737	0	43.7158469945355	0	78.3582089552239	0	123.188405797101	99.5475113122172	462.057335581788	69.327731092437
ASV23	1120.65136935603	878.522837706511	843.27485380117	0	247.292418772563	482.664853840925	0	0	0	0	0	0	345.126835781041	22.5	695.860566448802	49.9040307101727	243.119266055046	70.5521472392638	0	0	0	0	0	0	0	0	0	0	0	0	0	0	0	0	64.388961892247	0	585.964912280702	0	0	0	0	0	0	0	0	0
ASV25	874.167283493708	475.218658892128	425.730994152047	3942.06549118388	175.992779783393	234.534330387491	0	0	0	0	0	0	124.833110814419	45	250.544662309368	87.0121561100448	202.599388379205	26.5848670756646	0	0	0	0	0	0	0	0	0	0	0	0	0	0	0	0	27.5952693823916	0	0	0	0	0	130.597014925373	83.3333333333333	210.144927536232	300.904977375566	561.551433389545	317.226890756303
ASV28	37.0096225018505	79.6890184645287	85.3801169590643	0	185.018050541516	482.664853840925	0	0	0	0	0	0	257.009345794393	47.5	444.00871459695	62.0601407549584	252.293577981651	86.9120654396728	0	0	0	36.6748166259169	0	10.2459016393443	0	0	0	0	0	0	0	0	0	4.31034482758621	361.366622864652	0	2195.61403508772	0	16.3934426229508	0	0	0	0	0	0	0
ASV30	141.376757957069	186.588921282799	246.783625730994	0	370.938628158845	230.455472467709	0	0	0	0	0	0	395.861148197597	685	557.734204793028	431.861804222649	672.018348623853	275.051124744376	0	0	0	17.1149144254279	0	0	0	0	0	0	0	0	20.8333333333333	0	0	0	6.57030223390276	0	0	0	0	0	0	0	0	0	0	0
ASV31	0	13.6054421768707	52.6315789473684	0	120.036101083032	322.909585316111	0	0	0	0	0	3.98406374501992	75.43391188251	1017.5	610.457516339869	529.750479846449	344.036697247706	551.124744376278	0	0	0	0	0	0	0	0	0	0	0	0	0	0	21.523178807947	0	0	0	0	0	0	0	0	0	0	0	0	0
ASV32	0	57.3372206025267	67.8362573099415	0	190.43321299639	243.371855880353	0	0	0	0	0	0	180.240320427236	522.5	588.235294117647	287.907869481766	557.339449541284	183.026584867076	0	0	0	0	0	0	0	0	0	0	0	0	0	0	0	23.7068965517241	0	0	31.5789473684211	0	0	0	0	0	0	0	0	0
ASV33	0	0	0	0	53.2490974729242	23.1135282121006	0	0	0	0	0	0	133.511348464619	1392.5	180.82788671024	647.472808701216	461.009174311927	990.79754601227	0	0	0	0	0	0	0	0	0	0	5.88235294117647	0	0	21.5384615384615	0	36.6379310344828	0	0	29.8245614035088	0	0	0	0	0	0	0	0	0
ASV35	41.4507772020725	397.473275024295	136.842105263158	0	603.790613718411	1121.68592794018	0	0	0	0	0	0	39.3858477970628	0	64.9237472766885	17.914267434421	32.1100917431193	30.6748466257669	0	0	0	0	0	0	0	0	0	0	0	0	0	0	0	0	82.7858081471748	0	167.543859649123	0	10.9289617486339	0	0	0	0	0	0	0
ASV36	697.261287934863	37.9008746355685	410.526315789474	50.3778337531486	0	0	0	0	0	0	0	0	10.6809078771696	0	16.557734204793	0	0	11.2474437627812	0	0	0	0	0	0	0	0	0	24.6305418719212	0	0	0	0	0	0	541.392904073587	0	492.982456140351	0	5.46448087431694	24.4498777506112	123.134328358209	133.928571428571	91.7874396135266	918.552036199095	720.067453625632	132.352941176471
ASV37	0	0	0	0	0	0	0	0	0	0	7.19424460431655	0	43.3911882510013	2350	235.729847494553	635.31669865643	312.691131498471	343.558282208589	0	0	0	0	0	0	0	0	0	0	0	0	0	0	0	0	0	0	0	0	0	0	0	0	0	0	0	0
ASV38	335.307179866765	113.702623906706	335.672514619883	32.7455919395466	92.9602888086642	233.854520734194	0	0	0	0	0	0	76.7690253671562	0	79.3028322440087	26.8714011516315	35.1681957186544	21.4723926380368	0	0	0	0	0	0	0	0	0	0	0	0	0	0	0	0	706.964520367937	91.3140311804009	725.438596491228	0	169.398907103825	136.919315403423	0	0	0	0	0	0
ASV39	0	23.3236151603499	9.35672514619883	0	19.85559566787	40.1087695445275	0	0	0	0	0	0	469.292389853138	37.5	549.019607843137	114.523352527191	300.45871559633	53.1697341513292	0	0	0	0	0	0	0	0	0	0	0	0	8.33333333333333	0	0	15.0862068965517	0	0	48.2456140350877	0	0	0	0	0	74.8792270531401	70.1357466063348	20.2360876897133	142.857142857143
ASV40	72.5388601036269	0	35.0877192982456	304.785894206549	0	21.0740992522094	278.026905829596	270.110076206605	0	0	0	211.155378486056	15.3538050734312	0	28.7581699346405	0	17.5840978593272	0	0	0	0	0	0	0	0	0	0	83.743842364532	0	0	0	0	0	0	304.862023653088	0	771.929824561404	0	153.005464480874	112.469437652812	182.835820895522	130.952380952381	91.7874396135266	0	276.559865092749	813.025210084034
ASV41	0	0	0	0	0	0	0	0	0	0	0	0	112.817089452603	82.5	606.535947712418	301.343570057582	425.840978593272	103.271983640082	0	0	0	9.7799511002445	0	0	0	0	0	0	0	0	0	0	0	0	0	0	0	0	0	0	0	0	0	0	0	0
ASV42	0	0	0	0	22.5631768953069	0	455.156950672646	500.423370025402	104.683195592287	65.3846153846154	129.496402877698	348.605577689243	0	0	0	0	0	0	0	71.863580998782	28.0528052805281	193.154034229829	0	190.573770491803	447.004608294931	67.4846625766871	1651.0067114094	0	91.1764705882353	0	341.666666666667	55.3846153846154	0	155.172413793103	0	84.6325167037862	0	0	0	0	0	0	0	0	0	0
ASV43	51.0732790525537	87.463556851312	0	0	26.173285198556	24.4731475186948	0	0	0	0	0	0	224.966622162884	0	295.424836601307	71.0172744721689	113.149847094801	108.38445807771	0	0	0	0	0	0	0	0	0	0	0	0	0	0	0	0	462.549277266754	42.3162583518931	449.122807017544	0	172.131147540984	100.244498777506	0	0	0	0	67.4536256323777	0
ASV45	114.729829755736	115.646258503401	341.520467836257	0	53.2490974729242	0	0	0	0	0	0	0	0	0	0	0	0	0	118.556701030928	118.148599269184	75.9075907590759	146.699266503668	148.854961832061	0	0	0	0	0	402.941176470588	0	587.5	0	0	239.224137931034	0	0	0	0	0	0	0	0	0	0	0	0
ASV46	0	37.9008746355685	0	0	9.92779783393502	29.9116247450714	0	0	0	0	0	0	320.427236315087	0	379.956427015251	16.6346769033909	174.311926605505	54.1922290388548	0	0	0	0	0	0	0	0	0	0	0	0	0	0	0	34.4827586206897	0	0	166.666666666667	0	0	0	85.8208955223881	56.5476190476191	140.096618357488	151.58371040724	38.7858347386172	310.924369747899
ASV47	0	0	0	198.992443324937	21.6606498194946	27.8721957851801	47.085201793722	15.2413209144793	261.707988980716	269.230769230769	212.230215827338	119.521912350598	10.6809078771696	0	0	4.47856685860525	14.525993883792	0	139.175257731959	48.721071863581	16.5016501650165	185.819070904645	541.984732824428	147.540983606557	96.7741935483871	226.993865030675	429.530201342282	990.147783251232	41.1764705882353	67.9347826086957	50	507.692307692308	397.350993377483	206.896551724138	26.281208935611	35.6347438752784	14.9122807017544	111.464968152866	150.273224043716	73.3496332518338	22.3880597014925	0	103.864734299517	124.434389140271	70.8263069139966	18.9075630252101
ASV48	34.0488527017024	51.5063168124393	0	2516.37279596977	0	8.15771583956492	0	0	0	0	0	0	0	0	0	0	0	0	0	0	0	0	0	0	0	0	0	0	0	0	0	0	0	0	320.630749014455	46.7706013363029	123.684210526316	0	516.393442622951	584.352078239609	0	0	99.0338164251208	0	0	226.890756302521
ASV50	351.59141376758	202.137998056365	259.649122807018	0	102.888086642599	318.150917743032	0	0	0	0	0	0	8.67823765020027	0	9.58605664488018	0	0	0	0	0	0	0	0	0	0	0	0	0	0	0	0	0	0	0	0	0	16.6666666666667	0	0	0	156.716417910448	0	33.8164251207729	95.0226244343891	104.553119730186	0
ASV52	214.655810510733	49.5626822157434	160.233918128655	0	25.2707581227437	303.874915023793	0	0	0	0	0	0	43.3911882510013	82.5	78.8671023965142	70.3774792066539	63.4556574923547	35.7873210633947	0	2.43605359317905	0	0	0	28.6885245901639	0	0	0	0	0	0	0	0	0	0	7.88436268068331	0	82.4561403508772	0	0	0	0	0	7.2463768115942	0	0	0
ASV53	2.96076980014804	43.731778425656	49.1228070175439	0	68.5920577617328	128.484024473148	0	0	0	0	10.7913669064748	0	78.1041388518024	0	287.581699346405	42.8662827895074	55.045871559633	36.8098159509202	0	0	0	26.8948655256724	0	14.344262295082	0	0	0	0	0	0	20.8333333333333	0	4.96688741721854	0	0	0	199.122807017544	0	0	0	0	0	0	0	0	0
ASV55	0	0	0	0	0	0	0	0	0	0	0	0	184.913217623498	27.5	259.259259259259	47.9846449136276	329.510703363914	37.8323108384458	0	0	0	0	0	0	0	0	0	0	0	0	0	0	0	0	0	0	0	0	0	0	0	0	0	0	0	0
ASV56	0	0	0	10.0755667506297	0	0	11.2107623318386	0	0	0	0	11.9521912350598	0	0	0	0	0	0	0	0	0	0	0	0	9.21658986175115	85.8895705521472	0	19.704433497537	0	0	8.33333333333333	172.307692307692	54.635761589404	86.2068965517241	0	0	0	0	0	0	0	0	0	9.04977375565611	0	14.7058823529412
ASV57	22.2057735011103	592.808551992225	70.1754385964912	35.264483627204	291.516245487365	136.641740312712	0	0	0	0	0	0	0	0	0	0	0	0	0	0	0	0	0	0	0	0	0	0	0	0	0	0	0	0	0	0	0	0	0	0	0	0	0	0	0	0
ASV58	0	132.167152575316	80.7017543859649	0	191.335740072202	509.857239972808	0	0	0	0	0	0	0	0	27.4509803921569	0	20.6422018348624	0	0	0	0	0	0	0	0	0	0	0	0	0	0	0	0	0	40.7358738501971	0	54.3859649122807	0	0	0	0	0	0	0	0	0
ASV59	0	0	2.33918128654971	0	4.51263537906137	6.11828687967369	0	0	0	0	0	0	18.6915887850467	130	204.79302832244	136.276391554703	309.633027522936	125.766871165644	0	0	0	0	0	0	0	0	0	0	0	0	0	0	0	0	0	0	0	0	0	0	0	0	0	0	0	0
ASV60	0	68.0272108843537	42.1052631578947	0	25.2707581227437	180.829367777022	0	0	0	0	0	0	81.4419225634179	0	95.4248366013072	45.4254638515675	103.975535168196	69.5296523517382	0	0	0	0	0	0	0	0	0	0	0	0	0	0	0	0	84.0998685939553	0	163.157894736842	0	0	0	0	0	0	0	64.0809443507589	0
ASV61	65.1369356032568	35.9572400388727	120.46783625731	0	83.9350180505415	579.877634262406	0	0	0	0	0	0	0	10	4.35729847494553	0	5.35168195718654	4.08997955010225	0	0	0	0	0	0	0	0	0	0	0	0	0	0	0	0	3.94218134034166	0	21.9298245614035	0	0	0	0	0	0	20.3619909502262	11.8043844856661	0
ASV62	55.5144337527757	0	12.8654970760234	309.823677581864	16.2454873646209	12.9163834126445	0	0	0	0	0	0	0	0	0	0	0	0	0	0	0	0	0	0	0	0	0	29.5566502463054	0	0	0	0	0	0	3.94218134034166	0	0	0	0	0	111.940298507463	113.095238095238	364.734299516908	522.62443438914	777.403035413153	157.563025210084
ASV63	136.935603256847	158.406219630709	112.280701754386	377.833753148615	53.2490974729242	64.5819170632223	0	0	0	0	0	0	0	0	9.15032679738562	12.7959053103007	9.1743119266055	0	0	0	0	0	38.1679389312977	0	0	0	0	0	0	0	0	0	0	0	0	0	0	0	0	0	0	0	0	0	112.984822934233	0
ASV66	0	32.0699708454811	25.7309941520468	0	22.5631768953069	293.677770224337	0	0	0	0	0	0	31.3751668891856	0	247.930283224401	25.5918106206014	18.348623853211	0	0	0	0	0	0	0	0	0	0	0	0	0	0	0	0	0	0	0	5.26315789473684	0	0	0	0	0	0	0	0	0
ASV68	0	4.85908649173955	0	0	15.3429602888087	188.987083616587	0	0	0	0	0	0	74.7663551401869	30	139.433551198257	76.1356365962892	94.0366972477064	27.6073619631902	0	0	0	0	0	8.19672131147541	0	0	0	0	0	0	16.6666666666667	0	0	25.8620689655172	0	0	0	0	0	0	0	0	7.2463768115942	0	0	0
ASV69	2.22057735011103	6.80272108843537	0	45.3400503778337	6.31768953068592	0	11.2107623318386	0	77.1349862258953	30.7692307692308	75.5395683453237	23.9043824701195	0	0	0	0	5.35168195718654	0	15.4639175257732	0	4.95049504950495	70.9046454767726	461.832061068702	38.9344262295082	27.6497695852535	24.5398773006135	0	364.532019704434	17.6470588235294	46.1956521739131	0	1055.38461538462	71.1920529801325	34.4827586206897	0	15.5902004454343	7.01754385964912	38.2165605095541	8.19672131147541	39.119804400978	18.6567164179104	0	16.9082125603865	22.6244343891403	8.43170320404722	0
ASV71	0	0	0	0	0	0	0	0	0	0	0	0	0	337.5	22.6579520697168	249.520153550864	58.1039755351682	237.21881390593	0	0	0	0	0	0	0	0	0	0	0	0	0	0	4.96688741721854	23.7068965517241	0	0	0	0	0	0	0	0	0	0	0	0
ASV73	0	0	0	65.4911838790932	0	2.71923861318831	0	0	41.3223140495868	101.923076923077	97.1223021582734	33.8645418326693	0	0	0	9.59692898272553	2.29357798165138	5.11247443762781	28.3505154639175	10.9622411693057	4.12541254125413	39.119804400978	251.908396946565	61.4754098360656	50.6912442396313	104.294478527607	154.362416107383	413.793103448276	20.5882352941176	40.7608695652174	8.33333333333333	86.1538461538461	163.907284768212	105.603448275862	0	22.271714922049	6.14035087719298	22.2929936305733	60.1092896174863	22.0048899755501	0	0	16.9082125603865	65.6108597285068	48.9038785834739	31.5126050420168
ASV74	0	12.6336248785228	0	78.0856423173803	0	9.51733514615908	0	0	168.044077134986	125	0	23.9043824701195	0	0	0	0	6.11620795107034	0	0	10.9622411693057	0	97.799511002445	171.75572519084	106.55737704918	50.6912442396313	0	275.167785234899	413.793103448276	35.2941176470588	27.1739130434783	16.6666666666667	169.230769230769	82.7814569536424	105.603448275862	0	15.5902004454343	0	114.649681528662	54.6448087431694	0	18.6567164179104	47.6190476190476	0	45.2488687782805	0	0
ASV75	0	0	0	0	0	0	0	0	0	0	0	0	0	0	0	0	0	0	0	0	0	0	0	0	0	0	0	0	288.235294117647	92.3913043478261	283.333333333333	169.230769230769	0	101.293103448276	0	0	0	0	0	0	0	0	0	0	0	0
ASV76	2.22057735011103	0	0	0	0	12.9163834126445	0	0	0	0	0	0	43.3911882510013	485	27.0152505446623	57.5815738963532	139.14373088685	91.0020449897751	0	0	0	14.6699266503667	0	0	0	0	0	0	0	0	0	95.3846153846154	0	40.948275862069	0	0	0	0	0	0	0	0	0	0	0	0
ASV78	31.0880829015544	0	56.140350877193	0	50.5415162454874	25.1529571719918	0	0	0	0	0	0	83.4445927903872	17.5	90.1960784313726	34.5489443378119	58.1039755351682	27.6073619631902	0	0	0	0	0	0	0	0	0	0	0	0	0	0	0	0	0	0	0	0	0	0	0	0	0	27.1493212669683	8.43170320404722	0
ASV81	0	0	0	0	0	0	118.834080717489	0	179.063360881543	92.3076923076923	0	131.474103585657	0	0	0	0	0	0	0	0	0	0	0	0	0	0	0	0	0	0	0	0	0	0	0	0	0	0	0	0	0	0	0	0	0	0
ASV82	0	0	0	0	0	0	0	0	24.7933884297521	0	0	0	18.6915887850467	370	26.5795206971678	66.5387076135637	99.388379204893	126.78936605317	0	0	0	0	0	0	0	0	0	0	0	0	0	67.6923076923077	0	0	0	0	0	0	0	0	0	0	0	0	0	0
ASV83	133.974833456699	79.6890184645287	88.8888888888889	0	48.7364620938628	154.996600951734	0	0	0	0	0	0	0	0	0	0	0	0	0	0	0	0	0	0	0	0	0	0	0	0	0	0	0	0	0	0	0	0	0	0	0	0	0	0	0	0
ASV86	0	0	0	0	0	94.4935418082937	0	0	0	0	0	0	48.7316421895861	0	47.4945533769063	0	47.4006116207951	0	0	0	0	0	0	0	0	0	0	0	0	0	0	0	0	0	0	0	131.578947368421	0	0	0	44.7761194029851	0	0	90.4977375565611	0	6.30252100840336
ASV87	0	13.6054421768707	4.67836257309941	0	0	12.2365737593474	0	0	0	0	0	0	71.4285714285714	20	80.6100217864924	48.6244401791427	88.6850152905199	16.359918200409	0	0	0	29.3398533007335	0	12.2950819672131	0	0	0	0	0	0	0	0	0	0	0	0	0	0	0	0	0	0	0	22.6244343891403	0	0
ASV88	0	0	0	0	0	0	0	0	0	0	0	0	0	0	0	0	0	0	0	0	0	0	0	0	0	0	0	0	0	0	0	0	0	0	0	0	0	0	0	0	0	0	0	0	0	0
ASV91	0	0	0	0	0	0	0	0	0	0	0	0	6.67556742323097	0	103.703703703704	12.1561100447857	143.730886850153	13.2924335378323	0	0	0	0	0	0	0	24.5398773006135	0	0	0	0	0	0	0	0	0	0	0	0	0	0	0	0	0	13.5746606334842	6.74536256323777	0
ASV94	0	0	0	0	0	0	0	0	0	0	0	0	88.785046728972	0	46.1873638344227	52.4632117722329	0	0	0	0	0	0	0	0	0	0	0	0	0	0	0	0	0	0	63.0749014454665	0	0	60.5095541401274	0	0	0	0	0	0	0	0
ASV95	0	15.5490767735666	0	0	32.4909747292419	55.7443915703603	0	0	0	0	0	0	24.0320427236315	0	54.4662309368192	10.2367242482406	70.3363914373089	0	0	0	0	0	0	0	0	0	0	0	0	0	0	0	0	0	0	0	0	0	0	0	0	0	0	0	0	0
ASV98	0	0	0	0	0	0	0	0	0	0	0	0	0	0	0	0	0	0	0	0	0	0	0	0	0	0	0	0	0	0	0	0	0	0	0	0	0	0	0	0	134.328358208955	116.071428571429	130.434782608696	217.194570135747	128.161888701518	35.7142857142857
ASV102	0	0	0	0	0	0	0	0	0	0	0	0	0	0	0	0	0	0	0	0	0	0	0	0	0	0	0	0	205.882352941176	0	129.166666666667	0	0	84.051724137931	0	0	0	0	0	0	0	0	0	0	0	0
ASV103	0	65.11175898931	65.4970760233918	231.738035264484	0	0	0	0	0	0	0	0	0	0	0	0	0	0	0	0	0	0	0	0	0	0	0	0	0	0	0	0	0	0	0	0	0	0	0	0	0	0	0	0	0	0
ASV105	0	0	0	0	0	0	0	0	0	92.3076923076923	0	23.9043824701195	0	0	0	0	0	0	51.5463917525773	6.09013398294763	0	17.1149144254279	80.1526717557252	28.6885245901639	0	42.9447852760736	73.8255033557047	78.8177339901478	0	27.1739130434783	0	52.3076923076923	46.3576158940397	34.4827586206897	0	0	0	0	0	0	0	0	0	49.7737556561086	0	16.8067226890756
ASV106	0	40.8163265306123	11.6959064327485	0	90.2527075812274	74.0992522093814	0	0	0	0	0	0	0	0	0	0	0	0	0	0	0	0	0	0	0	0	0	0	0	0	0	0	0	0	0	0	0	0	0	0	0	0	0	0	0	0
ASV107	0	0	0	0	0	0	0	0	0	0	0	0	0	277.5	8.27886710239651	28.1509916826615	19.1131498470948	60.3271983640082	0	0	0	0	0	0	0	0	0	0	0	0	0	0	0	0	0	0	0	0	0	0	0	0	0	0	0	0
ASV108	0	0	0	0	0	0	0	0	0	0	0	0	0	0	0	0	0	0	0	0	0	0	0	0	0	0	0	0	147.058823529412	0	0	0	34.7682119205298	71.1206896551724	0	0	0	0	0	0	0	0	0	0	0	0
ASV110	0	0	0	50.3778337531486	0	0	0	0	44.0771349862259	0	39.568345323741	17.9282868525896	2.67022696929239	0	0	0	0	0	41.2371134020619	0	0	61.1246943765281	114.503816793893	38.9344262295082	0	0	0	0	0	0	0	98.4615384615385	59.6026490066225	30.1724137931034	0	0	0	0	0	17.1149144254279	0	8.92857142857143	0	22.6244343891403	0	0
ASV111	0	0	0	0	0	0	0	0	0	0	0	0	152.202937249666	0	0	0	0	0	0	0	0	0	0	0	0	0	0	0	0	0	0	0	0	0	0	0	0	0	0	0	0	0	0	0	0	0
ASV115	43.6713545521836	13.6054421768707	25.7309941520468	0	22.5631768953069	55.0645819170632	0	0	0	0	0	0	0	0	0	0	0	0	0	0	0	0	0	0	0	0	0	0	0	0	0	0	0	0	0	0	0	0	0	0	0	0	0	0	0	0
ASV116	0	0	0	0	0	0	0	0	0	0	0	0	0	0	0	0	0	0	0	0	0	0	0	0	0	0	0	0	0	0	0	0	327.814569536424	0	0	0	0	0	0	0	0	0	0	0	0	0
ASV118	17.0244263508512	0	0	0	0	0	0	0	0	0	0	0	0	0	0	0	0	0	0	0	0	0	0	0	18.4331797235023	0	0	0	0	0	0	0	0	4.31034482758621	0	0	0	0	0	0	0	32.7380952380952	0	0	0	0
ASV119	0	0	0	0	0	0	0	0	0	0	0	0	0	0	0	0	0	0	0	0	0	0	0	0	0	0	0	0	0	0	0	0	0	0	0	0	0	0	0	0	0	0	0	0	0	0
ASV120	0	0	0	32.7455919395466	0	0	0	0	0	36.5384615384615	0	0	0	0	0	0	0	0	64.4329896907217	0	7.42574257425743	0	61.0687022900763	0	0	141.104294478528	73.8255033557047	0	0	0	0	0	76.158940397351	0	0	0	7.01754385964912	0	0	0	0	0	33.8164251207729	0	0	0
ASV121	0	0	0	0	0	0	0	0	0	0	0	0	2.00267022696929	42.5	9.15032679738562	51.8234165067179	0	56.2372188139059	0	0	0	0	0	0	0	0	0	0	0	0	0	0	0	0	0	0	0	0	0	0	0	0	0	0	0	0
ASV122	0	39.8445092322643	0	75.5667506297229	9.92779783393502	6.11828687967369	0	0	44.0771349862259	50	0	0	0	0	0	0	0	0	0	0	0	75.7946210268949	0	6.14754098360656	0	0	0	0	0	0	0	12.3076923076923	0	0	0	0	0	0	0	0	0	0	12.0772946859903	0	0	0
ASV124	0	0	0	0	0	0	0	0	0	0	0	0	20.0267022696929	15	25.7080610021786	22.3928342930262	22.17125382263	11.2474437627812	0	0	0	0	0	0	0	0	0	0	0	0	0	0	0	0	0	0	0	0	0	0	0	0	0	0	0	0
ASV125	0	0	0	0	0	0	0	0	0	0	0	0	0	217.5	0	21.7530390275112	0	49.079754601227	0	0	0	0	0	0	0	0	0	0	0	0	0	0	0	0	0	0	0	0	0	0	0	0	0	0	0	0
ASV128	0	26.2390670553936	0	0	2.70758122743682	16.9952413324269	0	0	0	0	0	0	8.67823765020027	15	12.636165577342	7.03774792066539	4.58715596330275	0	0	0	0	0	0	0	0	0	0	0	0	0	0	0	0	0	0	0	32.4561403508772	0	0	0	0	0	0	0	0	0
ASV129	0	0	0	0	0	0	0	0	33.0578512396694	38.4615384615385	0	11.9521912350598	0	0	0	0	0	0	0	0	0	22.0048899755501	0	0	0	0	0	113.300492610837	0	0	0	36.9230769230769	43.046357615894	0	0	0	0	0	35.5191256830601	26.8948655256724	0	0	0	47.5113122171946	0	0
ASV131	0	0	0	22.6700251889169	0	0	0	0	30.3030303030303	0	35.9712230215827	0	0	0	0	0	3.82262996941896	0	0	0	0	0	68.7022900763359	0	18.4331797235023	0	73.8255033557047	152.709359605911	0	0	0	55.3846153846154	14.9006622516556	0	9.19842312746386	0	3.50877192982456	19.1082802547771	0	0	0	0	0	0	0	0
ASV134	0	0	0	0	0	0	0	0	0	0	0	0	0	35	8.71459694989107	28.7907869481766	18.348623853211	35.7873210633947	0	0	0	0	0	0	0	0	0	0	0	0	0	0	0	0	0	0	0	0	0	0	0	0	0	0	0	0
ASV136	0	0	0	0	0	0	0	0	0	0	0	0	0	0	0	0	0	0	0	0	0	0	0	0	0	0	0	0	0	0	0	0	0	0	0	0	0	0	0	0	0	0	0	0	0	0
ASV137	0	0	0	0	0	0	0	0	0	0	89.9280575539568	0	8.67823765020027	0	0	0	0	0	0	0	0	0	0	0	0	0	0	0	0	0	0	0	52.9801324503311	0	27.5952693823916	0	0	0	0	31.7848410757946	0	0	0	0	28.6677908937605	21.0084033613445
ASV138	0	0	0	0	0	0	0	0	0	0	0	0	19.3591455273698	0	16.1220043572985	27.5111964171465	11.4678899082569	7.15746421267894	0	0	0	0	0	0	0	0	0	0	0	0	0	0	0	0	0	0	0	0	0	0	0	0	0	0	0	0
ASV140	0	0	0	0	0	0	0	0	0	0	0	0	0	0	0	0	0	0	0	0	0	0	0	0	0	0	0	0	0	0	0	0	0	0	0	0	0	0	0	0	0	0	0	0	0	0
ASV141	0	6.80272108843537	0	0	9.02527075812274	31.2712440516655	0	0	0	0	10.7913669064748	0	3.33778371161549	0	16.1220043572985	0	4.58715596330275	0	0	0	0	31.7848410757946	0	0	0	0	0	0	0	0	0	0	0	0	0	0	0	0	0	0	0	0	0	0	0	0
ASV143	0	0	0	0	0	0	0	0	0	0	0	0	0	0	0	0	0	0	0	0	0	0	0	0	0	0	0	0	0	0	0	0	0	0	0	0	0	0	0	0	0	0	0	0	0	0
ASV144	23.6861584011843	9.71817298347911	30.4093567251462	0	23.4657039711191	18.3548606390211	0	0	0	0	0	0	0	0	0	0	0	0	0	0	0	7.33496332518337	0	0	0	0	0	0	0	0	0	0	0	0	0	0	0	0	0	0	0	0	0	0	0	0
ASV146	0	0	39.766081871345	0	0	17.675050985724	0	0	0	0	0	0	0.667556742323097	0	0.435729847494553	0	19.1131498470948	0	0	0	0	0	0	0	0	0	0	0	0	0	0	0	0	0	0	0	23.6842105263158	0	24.5901639344262	0	0	0	0	0	0	0
ASV147	0	0	0	0	0	0	0	0	0	0	0	0	0	0	0	0	0	0	0	0	0	0	0	0	0	0	0	0	0	0	0	0	0	0	0	0	0	146.496815286624	0	0	0	0	0	169.683257918552	0	0
ASV148	0	0	0	0	0	0	0	0	0	0	0	0	0	0	0	0	0	0	0	0	0	0	0	0	0	0	0	0	0	0	0	0	0	0	0	0	0	0	0	0	0	0	0	0	0	0
ASV150	0	0	0	0	0	0	0	5.92718035563082	66.1157024793389	0	53.9568345323741	0	0	0	0	0	0	0	0	0	0	0	0	0	0	0	0	0	0	0	0	0	94.3708609271523	0	0	0	0	0	0	34.2298288508557	0	0	0	0	0	0
ASV153	0	0	0	0	0	0	0	0	0	0	0	0	12.0160213618158	0	27.4509803921569	0	24.4648318042813	0	0	0	0	0	0	0	0	0	0	0	0	0	0	0	0	0	0	0	0	0	0	0	0	0	0	0	0	0
ASV158	0	0	0	0	0	0	0	0	0	0	0	0	0	90	0	20.4734484964811	0	38.8548057259714	0	0	0	0	0	0	0	0	0	0	0	0	0	0	0	0	0	0	0	0	0	0	0	0	0	0	0	0
